{"cameraMode":{"drawMode":0,"name":"Shaded","section":"Shading Mode"},"sceneLighting":true,"audioPlay":false,"sceneViewState":{"showFog":true,"showMaterialUpdate":false,"showSkybox":true,"showFlares":true,"showImageEffects":true,"showParticleSystems":true},"in2DMode":false,"pivot":{"x":0.10422828793525696,"y":1.2657794952392579,"z":0.1195148229598999},"rotation":{"x":-0.003939422313123941,"y":0.995335042476654,"z":-0.0847059041261673,"w":-0.04601796716451645},"size":0.4937891364097595,"orthographic":true}