{"cameraMode":{"drawMode":0,"name":"Shaded","section":"Shading Mode"},"sceneLighting":true,"audioPlay":false,"sceneViewState":{"showFog":true,"showMaterialUpdate":false,"showSkybox":true,"showFlares":true,"showImageEffects":true,"showParticleSystems":true},"in2DMode":false,"pivot":{"x":-0.07580003887414932,"y":1.1878424882888795,"z":-0.21700000762939454},"rotation":{"x":0.27769234776496889,"y":-0.00720723532140255,"z":0.0020753778517246248,"w":0.9606407880783081},"size":2.7277586460113527,"orthographic":true}