{"cameraMode":{"drawMode":0,"name":"Shaded","section":"Shading Mode"},"sceneLighting":true,"audioPlay":false,"sceneViewState":{"showFog":true,"showMaterialUpdate":false,"showSkybox":true,"showFlares":true,"showImageEffects":true,"showParticleSystems":true},"in2DMode":false,"pivot":{"x":0.07927735149860382,"y":0.645959734916687,"z":0.47763171792030337},"rotation":{"x":0.1990935206413269,"y":-0.1169731616973877,"z":0.023953016847372056,"w":0.9726794362068176},"size":11.744444847106934,"orthographic":true}