{"cameraMode":{"drawMode":0,"name":"Shaded","section":"Shading Mode"},"sceneLighting":true,"audioPlay":false,"sceneViewState":{"showFog":true,"showMaterialUpdate":false,"showSkybox":true,"showFlares":true,"showImageEffects":true,"showParticleSystems":true},"in2DMode":false,"pivot":{"x":-0.401123046875,"y":1.58953857421875,"z":-0.338531494140625},"rotation":{"x":-0.022021135315299035,"y":-0.7270075678825378,"z":-0.023347828537225724,"w":0.6858789920806885},"size":1.2679110765457154,"orthographic":true}