{"cameraMode":{"drawMode":0,"name":"Shaded","section":"Shading Mode"},"sceneLighting":true,"audioPlay":false,"sceneViewState":{"showFog":true,"showMaterialUpdate":false,"showSkybox":true,"showFlares":true,"showImageEffects":true,"showParticleSystems":true},"in2DMode":false,"pivot":{"x":-0.07580003887414932,"y":0.8220000267028809,"z":0.3850000202655792},"rotation":{"x":0.09502284973859787,"y":-0.5559934973716736,"z":0.06414417922496796,"w":0.8232420682907105},"size":3.055060625076294,"orthographic":true}